{
   "delay": -7165.209842681885, 
   "rotation": {
      "i": -0.004155247641619615, 
      "j": 0.010017762641695618, 
      "k": -0.9953359445264848, 
      "w": 0.09585789420940735
   }, 
   "translation": {
      "x": 0.0006095892506164251, 
      "y": -0.006141146275579224, 
      "z": 0.07223111590777255
   }
}